Label,energyscore,it,ES_ratio
Scenario A,82.74247671268617,24.5,1.1976732664866208
Scenario B,75.46987179061787,24.5,1.0924044270835487
Scenario C,88.06998317616747,24.5,1.2747873718632605
Scenario D,76.15395716376781,24.5,1.1023063637425294
Scenario E,94.57306445086482,24.5,1.3689175804566012
Scenario F,79.60411425507604,24.5,1.1522463833987882
